src_ip,dest_ip,dest_port,proto,attack_type,timestamp,country,proto_code,anomaly
152.58.1.75,172.31.38.160,22,TCP,flow,2025-10-15T15:57:38.683656+0000,India,2,1
152.58.1.75,172.31.38.160,8000,TCP,flow,2025-10-15T15:57:52.185747+0000,India,2,1
152.58.1.75,172.31.38.160,8000,TCP,flow,2025-10-15T15:57:52.185797+0000,India,2,1
152.58.1.75,172.31.38.160,8000,TCP,flow,2025-10-15T15:57:52.185820+0000,India,2,1
152.58.1.75,172.31.38.160,8000,TCP,flow,2025-10-15T15:57:56.328480+0000,India,2,1
106.222.211.183,172.31.38.160,8000,TCP,flow,2025-10-15T15:57:57.335972+0000,India,2,1
152.58.1.75,172.31.38.160,8000,TCP,flow,2025-10-15T15:57:59.425901+0000,India,2,1
152.58.1.75,172.31.38.160,8000,TCP,flow,2025-10-15T15:57:59.425942+0000,India,2,1
115.98.235.107,172.31.38.160,8000,TCP,flow,2025-10-15T15:58:30.837917+0000,India,2,1
115.98.235.107,172.31.38.160,8000,TCP,flow,2025-10-15T15:58:38.052344+0000,India,2,1
115.98.235.107,172.31.38.160,8000,TCP,flow,2025-10-15T15:58:43.315080+0000,India,2,1
115.98.235.107,172.31.38.160,8000,TCP,flow,2025-10-15T15:58:45.331527+0000,India,2,1
115.98.235.107,172.31.38.160,8000,TCP,flow,2025-10-15T15:58:45.331678+0000,India,2,1
115.98.235.107,172.31.38.160,8000,TCP,flow,2025-10-15T15:58:46.415728+0000,India,2,1
115.98.235.107,172.31.38.160,8000,TCP,flow,2025-10-15T15:58:47.421875+0000,India,2,1
172.31.38.160,152.58.2.21,49667,TCP,flow,2025-10-15T15:59:09.488231+0000,Unknown,2,1
172.31.38.160,152.58.1.40,50263,TCP,flow,2025-10-15T15:59:25.085479+0000,Unknown,2,1
172.31.38.160,152.58.2.21,60904,TCP,flow,2025-10-15T15:59:49.513945+0000,Unknown,2,1
fe80:0000:0000:0000:04b5:6fff:fe11:1e81,ff02:0000:0000:0000:0000:0000:0000:0002,0,IPv6-ICMP,flow,2025-10-15T16:00:04.639707+0000,Unknown,1,1
115.98.235.107,172.31.38.160,8000,TCP,flow,2025-10-15T16:00:14.804638+0000,India,2,1
115.98.235.107,172.31.38.160,8000,TCP,flow,2025-10-15T16:00:15.803668+0000,India,2,1
152.58.1.75,172.31.38.160,8000,TCP,flow,2025-10-15T16:00:16.800907+0000,India,2,1
152.58.1.75,172.31.38.160,80,TCP,flow,2025-10-15T16:00:17.833985+0000,India,2,1
115.98.235.107,172.31.38.160,8000,TCP,flow,2025-10-15T16:00:18.830988+0000,India,2,1
115.98.235.107,172.31.38.160,8000,TCP,flow,2025-10-15T16:00:18.831024+0000,India,2,1
115.98.235.107,172.31.38.160,80,TCP,flow,2025-10-15T16:00:18.831033+0000,India,2,1
152.58.1.75,172.31.38.160,80,TCP,flow,2025-10-15T16:00:19.826945+0000,India,2,1
115.98.235.107,172.31.38.160,80,TCP,flow,2025-10-15T16:00:20.824944+0000,India,2,1
152.58.1.75,172.31.38.160,8000,TCP,flow,2025-10-15T16:00:25.863940+0000,India,2,1
152.58.1.75,172.31.38.160,80,TCP,flow,2025-10-15T16:00:28.951943+0000,India,2,1
115.98.235.107,172.31.38.160,8000,TCP,flow,2025-10-15T16:00:29.990947+0000,India,2,1
152.58.1.75,172.31.38.160,8000,TCP,flow,2025-10-15T16:00:36.251443+0000,India,2,1
152.58.1.75,172.31.38.160,8000,TCP,flow,2025-10-15T16:00:36.251482+0000,India,2,1
152.58.1.75,172.31.38.160,22,TCP,flow,2025-10-15T16:00:45.342556+0000,India,2,1
152.58.1.75,172.31.38.160,8000,TCP,flow,2025-10-15T16:01:01.672897+0000,India,2,1
106.222.211.183,172.31.38.160,8000,TCP,flow,2025-10-15T16:01:08.679945+0000,India,2,1
106.222.211.183,172.31.38.160,8000,TCP,flow,2025-10-15T16:01:14.805875+0000,India,2,1
106.222.211.183,172.31.38.160,8000,TCP,flow,2025-10-15T16:01:16.976779+0000,India,2,1
172.31.38.160,152.58.2.21,61154,TCP,flow,2025-10-15T16:01:16.976828+0000,Unknown,2,1
106.222.211.183,172.31.38.160,8000,TCP,flow,2025-10-15T16:01:18.015944+0000,India,2,1
172.31.38.160,152.58.2.21,64594,TCP,flow,2025-10-15T16:01:23.194990+0000,Unknown,2,1
106.222.211.183,172.31.38.160,8000,TCP,flow,2025-10-15T16:01:27.288430+0000,India,2,1
172.31.38.160,152.58.1.40,50263,TCP,flow,2025-10-15T16:01:28.292942+0000,Unknown,2,1
152.58.1.75,172.31.38.160,8000,TCP,flow,2025-10-15T16:01:31.301950+0000,India,2,1
152.58.1.75,172.31.38.160,8000,TCP,flow,2025-10-15T16:01:32.348228+0000,India,2,1
152.58.1.75,172.31.38.160,8000,TCP,flow,2025-10-15T16:01:37.539958+0000,India,2,1
152.58.1.75,172.31.38.160,8000,TCP,flow,2025-10-15T16:01:41.675753+0000,India,2,1
152.58.1.75,172.31.38.160,8000,TCP,flow,2025-10-15T16:01:41.675785+0000,India,2,1
172.31.38.160,169.254.169.123,123,UDP,flow,2025-10-15T16:01:44.764019+0000,Unknown,3,1
152.58.1.75,172.31.38.160,8000,TCP,flow,2025-10-15T16:01:46.806490+0000,India,2,1
152.58.1.75,172.31.38.160,8000,TCP,flow,2025-10-15T16:01:50.909463+0000,India,2,1
172.31.38.160,169.254.169.123,123,UDP,flow,2025-10-15T16:02:01.039184+0000,Unknown,3,1
152.58.1.75,172.31.38.160,8000,TCP,flow,2025-10-15T16:02:01.039275+0000,India,2,1
172.31.38.160,185.125.190.56,123,UDP,flow,2025-10-15T16:02:04.156961+0000,Unknown,3,1
152.58.1.75,172.31.38.160,8000,TCP,flow,2025-10-15T16:02:04.157011+0000,India,2,1
152.58.1.75,172.31.38.160,8000,TCP,flow,2025-10-15T16:02:11.345848+0000,India,2,1
172.31.38.160,169.254.169.123,123,UDP,flow,2025-10-15T16:02:14.393005+0000,Unknown,3,1
152.58.1.75,172.31.38.160,8000,TCP,flow,2025-10-15T16:02:33.658540+0000,India,2,1
172.31.38.160,169.254.169.123,123,UDP,flow,2025-10-15T16:02:33.658591+0000,Unknown,3,1
152.58.1.75,172.31.38.160,8000,TCP,flow,2025-10-15T16:02:34.704040+0000,India,2,1
115.98.235.107,172.31.38.160,8000,TCP,flow,2025-10-15T16:02:37.717964+0000,India,2,1
152.58.1.75,172.31.38.160,8000,TCP,flow,2025-10-15T16:02:38.722047+0000,India,2,1
196.251.83.136,172.31.38.160,22,TCP,flow,2025-10-15T16:02:41.743943+0000,Seychelles,2,1
152.58.1.75,172.31.38.160,8000,TCP,flow,2025-10-15T16:02:43.752492+0000,India,2,1
152.58.1.75,172.31.38.160,8000,TCP,flow,2025-10-15T16:02:44.751959+0000,India,2,1
172.31.38.160,169.254.169.123,123,UDP,flow,2025-10-15T16:02:45.752288+0000,Unknown,3,1
204.76.203.219,172.31.38.160,80,TCP,flow,2025-10-15T16:02:59.080527+0000,The Netherlands,2,1
172.31.38.160,169.254.169.123,123,UDP,flow,2025-10-15T16:03:03.099009+0000,Unknown,3,1
152.58.1.75,172.31.38.160,8000,TCP,flow,2025-10-15T16:03:08.136618+0000,India,2,1
152.58.1.75,172.31.38.160,8000,TCP,flow,2025-10-15T16:03:13.258269+0000,India,2,1
152.58.1.75,172.31.38.160,8000,TCP,flow,2025-10-15T16:03:14.258963+0000,India,2,1
152.58.1.75,172.31.38.160,8000,TCP,flow,2025-10-15T16:03:16.346179+0000,India,2,1
152.58.1.75,172.31.38.160,80,TCP,flow,2025-10-15T16:03:16.346265+0000,India,2,1
152.58.1.75,172.31.38.160,80,TCP,flow,2025-10-15T16:03:17.391322+0000,India,2,1
152.58.1.75,172.31.38.160,8000,TCP,flow,2025-10-15T16:03:17.391369+0000,India,2,1
172.31.38.160,169.254.169.123,123,UDP,flow,2025-10-15T16:03:20.463987+0000,Unknown,3,1
106.222.211.183,172.31.38.160,8000,TCP,flow,2025-10-15T16:03:21.462752+0000,India,2,1
152.58.1.75,172.31.38.160,8000,TCP,flow,2025-10-15T16:03:25.608524+0000,India,2,1
172.31.38.160,152.58.1.40,50263,TCP,flow,2025-10-15T16:03:30.670983+0000,Unknown,2,1
152.58.1.75,172.31.38.160,8000,TCP,flow,2025-10-15T16:03:31.704274+0000,India,2,1
152.32.201.226,172.31.38.160,22,TCP,flow,2025-10-15T16:03:33.705492+0000,Japan,2,1
152.58.1.75,172.31.38.160,8000,TCP,flow,2025-10-15T16:03:36.876446+0000,India,2,1
172.31.38.160,169.254.169.123,123,UDP,flow,2025-10-15T16:03:37.921507+0000,Unknown,3,1
152.58.1.75,172.31.38.160,8000,TCP,flow,2025-10-15T16:03:38.966345+0000,India,2,1
152.58.1.75,172.31.38.160,8000,TCP,flow,2025-10-15T16:03:45.041249+0000,India,2,1
172.31.38.160,169.254.169.123,123,UDP,flow,2025-10-15T16:03:48.057021+0000,Unknown,3,1
152.58.1.75,172.31.38.160,8000,TCP,flow,2025-10-15T16:03:48.057096+0000,India,2,1
152.58.1.75,172.31.38.160,8000,TCP,flow,2025-10-15T16:03:52.079345+0000,India,2,1
8.8.8.8,192.168.1.100,80,TCP,ET POLICY Suspicious HTTP Method,2025-10-15T16:03:52.274872+0000,United States,2,1
152.58.1.75,172.31.38.160,8000,TCP,flow,2025-10-15T16:03:57.221952+0000,India,2,1
115.98.235.107,172.31.38.160,80,TCP,flow,2025-10-15T16:03:59.306845+0000,India,2,1
115.98.235.107,172.31.38.160,8000,TCP,flow,2025-10-15T16:04:00.351344+0000,India,2,1
152.58.1.75,172.31.38.160,8000,TCP,flow,2025-10-15T16:04:01.389106+0000,India,2,1
115.98.235.107,172.31.38.160,80,TCP,flow,2025-10-15T16:04:02.387006+0000,India,2,1
172.31.38.160,169.254.169.123,123,UDP,flow,2025-10-15T16:04:04.463944+0000,Unknown,3,1
115.98.235.107,172.31.38.160,80,TCP,flow,2025-10-15T16:04:06.493966+0000,India,2,1
152.58.1.75,172.31.38.160,8000,TCP,flow,2025-10-15T16:04:06.494007+0000,India,2,1
152.58.1.75,172.31.38.160,8000,TCP,flow,2025-10-15T16:04:09.505959+0000,India,2,1
152.58.1.75,172.31.38.160,8000,TCP,flow,2025-10-15T16:04:17.663648+0000,India,2,1
114.114.114.114,192.168.1.100,22,TCP,ET SCAN Potential SSH Scan,2025-10-15T16:04:18.228800+0000,China,2,1
152.58.1.75,172.31.38.160,80,TCP,flow,2025-10-15T16:04:19.667365+0000,India,2,1
152.58.1.75,172.31.38.160,8000,TCP,flow,2025-10-15T16:04:21.798869+0000,India,2,1
192.168.1.100,192.168.1.100,6667,TCP,ET MALWARE Possible Botnet Activity,2025-10-15T16:04:27.450495+0000,Unknown,2,1
172.31.38.160,169.254.169.123,123,UDP,flow,2025-10-15T16:04:27.974612+0000,Unknown,3,1
182.43.26.115,172.31.38.160,22,TCP,SURICATA TCPv4 invalid checksum,2025-10-15T16:04:30.737476+0000,China,2,1
182.43.26.115,172.31.38.160,22,TCP,SURICATA TCPv4 invalid checksum,2025-10-15T16:04:31.332426+0000,China,2,1
152.58.1.75,172.31.38.160,8000,TCP,flow,2025-10-15T16:04:35.020785+0000,India,2,1
152.58.1.75,172.31.38.160,8000,TCP,flow,2025-10-15T16:04:35.020898+0000,India,2,1
152.58.1.75,172.31.38.160,8000,TCP,flow,2025-10-15T16:04:36.019166+0000,India,2,1
152.58.1.75,172.31.38.160,8000,TCP,flow,2025-10-15T16:04:36.019258+0000,India,2,1
196.251.81.227,172.31.38.160,22,TCP,flow,2025-10-15T16:04:38.028944+0000,Seychelles,2,1
172.31.38.160,169.254.169.123,123,UDP,flow,2025-10-15T16:04:44.173404+0000,Unknown,3,1
152.58.1.75,172.31.38.160,8000,TCP,flow,2025-10-15T16:04:48.348049+0000,India,2,1
172.31.38.160,185.125.190.58,123,UDP,flow,2025-10-15T16:04:49.392543+0000,Unknown,3,1
152.58.1.75,172.31.38.160,22,TCP,flow,2025-10-15T16:04:50.475744+0000,India,2,1
152.58.1.75,172.31.38.160,8000,TCP,flow,2025-10-15T16:04:54.449945+0000,India,2,1
172.31.38.160,83.147.242.172,123,UDP,flow,2025-10-15T16:04:55.448458+0000,Unknown,3,1
152.58.1.75,172.31.38.160,8000,TCP,flow,2025-10-15T16:04:59.568993+0000,India,2,1
172.31.38.160,169.254.169.123,123,UDP,flow,2025-10-15T16:05:02.531954+0000,Unknown,3,1
152.58.1.75,172.31.38.160,8000,TCP,flow,2025-10-15T16:05:10.687667+0000,India,2,1
152.58.1.75,172.31.38.160,8000,TCP,flow,2025-10-15T16:05:10.687771+0000,India,2,1
172.31.38.160,169.254.169.123,123,UDP,flow,2025-10-15T16:05:12.682975+0000,Unknown,3,1
106.222.211.183,172.31.38.160,8000,TCP,flow,2025-10-15T16:05:22.681735+0000,India,2,1
152.58.1.75,172.31.38.160,8000,TCP,flow,2025-10-15T16:05:22.681823+0000,India,2,1
115.21.183.150,172.31.38.160,22,TCP,flow,2025-10-15T16:05:28.794194+0000,South Korea,2,1
152.58.1.75,172.31.38.160,8000,TCP,flow,2025-10-15T16:05:30.801312+0000,India,2,1
152.58.1.75,172.31.38.160,8000,TCP,flow,2025-10-15T16:05:30.801379+0000,India,2,1
172.31.38.160,152.58.1.40,50263,TCP,flow,2025-10-15T16:05:32.884817+0000,Unknown,2,1
172.31.38.160,169.254.169.123,123,UDP,flow,2025-10-15T16:05:33.851567+0000,Unknown,3,1
171.80.13.116,172.31.38.160,22,TCP,flow,2025-10-15T16:05:36.948019+0000,China,2,1
172.31.38.160,169.254.169.123,123,UDP,flow,2025-10-15T16:05:43.090897+0000,Unknown,3,1
115.98.235.107,172.31.38.160,8000,TCP,flow,2025-10-15T16:05:43.090950+0000,India,2,1
152.58.1.75,172.31.38.160,8000,TCP,flow,2025-10-15T16:05:44.057999+0000,India,2,1
152.58.1.75,172.31.38.160,8000,TCP,flow,2025-10-15T16:05:46.058016+0000,India,2,1
152.58.1.75,172.31.38.160,8000,TCP,flow,2025-10-15T16:05:48.150943+0000,India,2,1
152.58.1.75,172.31.38.160,8000,TCP,flow,2025-10-15T16:05:49.154964+0000,India,2,1
152.58.1.75,172.31.38.160,8000,TCP,flow,2025-10-15T16:05:50.150216+0000,India,2,1
152.58.1.75,172.31.38.160,8000,TCP,flow,2025-10-15T16:05:53.210914+0000,India,2,1
152.58.1.75,172.31.38.160,80,TCP,flow,2025-10-15T16:05:55.303654+0000,India,2,1
152.58.1.75,172.31.38.160,80,TCP,flow,2025-10-15T16:05:59.409867+0000,India,2,1
115.98.235.107,172.31.38.160,80,TCP,flow,2025-10-15T16:06:04.577877+0000,India,2,1
172.31.38.160,169.254.169.123,123,UDP,flow,2025-10-15T16:06:04.577938+0000,Unknown,3,1
106.13.60.238,172.31.38.160,22,TCP,flow,2025-10-15T16:06:07.626322+0000,China,2,1
152.58.1.75,172.31.38.160,8000,TCP,flow,2025-10-15T16:06:08.649956+0000,India,2,1
152.58.1.75,172.31.38.160,80,TCP,flow,2025-10-15T16:06:14.736950+0000,India,2,1
115.98.235.107,172.31.38.160,80,TCP,flow,2025-10-15T16:06:15.776963+0000,India,2,1
172.31.38.160,169.254.169.123,123,UDP,flow,2025-10-15T16:06:22.884187+0000,Unknown,3,1
115.98.235.107,172.31.38.160,80,TCP,flow,2025-10-15T16:06:24.973187+0000,India,2,1
172.31.38.160,169.254.169.123,123,UDP,flow,2025-10-15T16:06:32.119942+0000,Unknown,3,1
152.58.1.75,172.31.38.160,8000,TCP,flow,2025-10-15T16:06:35.131018+0000,India,2,1
115.98.235.107,172.31.38.160,8000,TCP,flow,2025-10-15T16:06:46.533663+0000,India,2,1
172.31.38.160,169.254.169.123,123,UDP,flow,2025-10-15T16:06:48.588544+0000,Unknown,3,1
115.98.235.107,172.31.38.160,8000,TCP,flow,2025-10-15T16:06:49.712605+0000,India,2,1
102.208.184.2,172.31.38.160,22,TCP,flow,2025-10-15T16:06:54.829219+0000,Tanzania,2,1
124.71.208.143,172.31.38.160,22,TCP,flow,2025-10-15T16:06:57.757780+0000,China,2,1
152.58.1.75,172.31.38.160,8000,TCP,flow,2025-10-15T16:06:58.802330+0000,India,2,1
115.98.235.107,172.31.38.160,8000,TCP,flow,2025-10-15T16:07:05.002811+0000,India,2,1
115.98.235.107,172.31.38.160,8000,TCP,flow,2025-10-15T16:07:07.016935+0000,India,2,1
172.31.38.160,169.254.169.123,123,UDP,flow,2025-10-15T16:07:12.395098+0000,Unknown,3,1
61.219.181.31,172.31.38.160,22,TCP,flow,2025-10-15T16:07:13.480681+0000,Taiwan,2,1
106.222.211.183,172.31.38.160,8000,TCP,flow,2025-10-15T16:07:18.534631+0000,India,2,1
172.31.38.160,169.254.169.123,123,UDP,flow,2025-10-15T16:07:19.534414+0000,Unknown,3,1
152.32.201.226,172.31.38.160,22,TCP,flow,2025-10-15T16:07:25.687580+0000,Japan,2,1
101.126.139.188,172.31.38.160,22,TCP,flow,2025-10-15T16:07:30.746482+0000,China,2,1
115.98.235.107,172.31.38.160,8000,TCP,flow,2025-10-15T16:07:31.783986+0000,India,2,1
115.98.235.107,172.31.38.160,80,TCP,flow,2025-10-15T16:07:44.166942+0000,India,2,1
172.31.38.160,169.254.169.123,123,UDP,flow,2025-10-15T16:07:45.170949+0000,Unknown,3,1
106.75.157.146,172.31.38.160,22,TCP,flow,2025-10-15T16:07:47.222552+0000,China,2,1
152.58.1.75,172.31.38.160,8000,TCP,flow,2025-10-15T16:07:47.222595+0000,India,2,1
115.98.235.107,172.31.38.160,8000,TCP,flow,2025-10-15T16:07:52.346149+0000,India,2,1
172.31.38.160,169.254.169.123,123,UDP,flow,2025-10-15T16:07:52.346201+0000,Unknown,3,1
115.98.235.107,172.31.38.160,80,TCP,flow,2025-10-15T16:07:53.352405+0000,India,2,1
115.98.235.107,172.31.38.160,80,TCP,flow,2025-10-15T16:07:57.539533+0000,India,2,1
115.98.235.107,172.31.38.160,8000,TCP,flow,2025-10-15T16:08:01.671945+0000,India,2,1
172.31.38.160,169.254.169.123,123,UDP,flow,2025-10-15T16:08:11.751581+0000,Unknown,3,1
93.123.109.214,172.31.38.160,80,TCP,flow,2025-10-15T16:08:12.797349+0000,Bulgaria,2,1
115.98.235.107,172.31.38.160,8000,TCP,flow,2025-10-15T16:08:18.022650+0000,India,2,1
115.98.235.107,172.31.38.160,8000,TCP,flow,2025-10-15T16:08:23.164209+0000,India,2,1
172.31.38.160,169.254.169.123,123,UDP,flow,2025-10-15T16:08:23.164283+0000,Unknown,3,1
115.21.183.150,172.31.38.160,22,TCP,flow,2025-10-15T16:08:24.167943+0000,South Korea,2,1
115.98.235.107,172.31.38.160,8000,TCP,flow,2025-10-15T16:08:24.168010+0000,India,2,1
106.222.211.183,172.31.38.160,8000,TCP,flow,2025-10-15T16:08:29.206157+0000,India,2,1
106.222.211.183,172.31.38.160,8000,TCP,flow,2025-10-15T16:08:44.449430+0000,India,2,1
172.31.38.160,169.254.169.123,123,UDP,flow,2025-10-15T16:08:47.498943+0000,Unknown,3,1
106.222.211.183,172.31.38.160,8000,TCP,flow,2025-10-15T16:08:49.498971+0000,India,2,1
172.31.38.160,91.189.91.157,123,UDP,flow,2025-10-15T16:08:54.604943+0000,Unknown,3,1
152.32.201.226,172.31.38.160,22,TCP,flow,2025-10-15T16:08:55.599538+0000,Japan,2,1
14.103.113.42,172.31.38.160,22,TCP,SURICATA TCPv4 invalid checksum,2025-10-15T16:08:56.578075+0000,China,2,1
172.31.38.160,169.254.169.123,123,UDP,flow,2025-10-15T16:09:01.742177+0000,Unknown,3,1
14.103.113.42,172.31.38.160,22,TCP,SURICATA TCPv4 invalid checksum,2025-10-15T16:09:03.856138+0000,China,2,1
152.58.1.75,172.31.38.160,80,TCP,flow,2025-10-15T16:09:07.990900+0000,India,2,1
152.58.1.75,172.31.38.160,80,TCP,flow,2025-10-15T16:09:07.990972+0000,India,2,1
152.58.1.75,172.31.38.160,80,TCP,flow,2025-10-15T16:09:10.118755+0000,India,2,1
152.58.1.75,172.31.38.160,8000,TCP,flow,2025-10-15T16:09:11.162580+0000,India,2,1
172.31.38.160,169.254.169.123,123,UDP,flow,2025-10-15T16:09:19.207849+0000,Unknown,3,1
106.222.211.183,172.31.38.160,8000,TCP,flow,2025-10-15T16:09:27.403524+0000,India,2,1
172.31.38.160,169.254.169.123,123,UDP,flow,2025-10-15T16:09:34.627958+0000,Unknown,3,1
115.98.235.107,172.31.38.160,8000,TCP,flow,2025-10-15T16:09:34.627997+0000,India,2,1
115.98.235.107,172.31.38.160,80,TCP,flow,2025-10-15T16:09:34.628011+0000,India,2,1
172.31.38.160,169.254.169.123,123,UDP,flow,2025-10-15T16:09:48.969055+0000,Unknown,3,1
115.21.183.150,172.31.38.160,22,TCP,flow,2025-10-15T16:09:55.239179+0000,South Korea,2,1
106.222.211.183,172.31.38.160,80,TCP,flow,2025-10-15T16:09:58.335943+0000,India,2,1
172.31.38.160,169.254.169.123,123,UDP,flow,2025-10-15T16:10:04.399947+0000,Unknown,3,1
172.31.38.160,104.234.61.117,123,UDP,flow,2025-10-15T16:10:05.409938+0000,Unknown,3,1
91.224.92.94,172.31.38.160,22,TCP,flow,2025-10-15T16:10:06.406392+0000,United Kingdom,2,1
172.31.38.160,172.234.37.140,123,UDP,flow,2025-10-15T16:10:09.463573+0000,Unknown,3,1
172.31.38.160,169.254.169.254,80,TCP,flow,2025-10-15T16:10:09.463630+0000,Unknown,2,1
172.31.38.160,169.254.169.254,80,TCP,flow,2025-10-15T16:10:09.463644+0000,Unknown,2,1
172.31.38.160,169.254.169.254,80,TCP,flow,2025-10-15T16:10:10.501492+0000,Unknown,2,1
172.31.38.160,169.254.169.254,80,TCP,flow,2025-10-15T16:10:11.545764+0000,Unknown,2,1
172.31.38.160,169.254.169.254,80,TCP,flow,2025-10-15T16:10:12.544843+0000,Unknown,2,1
172.31.38.160,169.254.169.254,80,TCP,flow,2025-10-15T16:10:14.626883+0000,Unknown,2,1
14.103.113.42,172.31.38.160,22,TCP,flow,2025-10-15T16:10:15.671056+0000,China,2,1
172.31.38.160,169.254.169.254,80,TCP,flow,2025-10-15T16:10:15.672080+0000,Unknown,2,1
172.31.38.160,169.254.169.254,80,TCP,flow,2025-10-15T16:10:15.672101+0000,Unknown,2,1
172.31.38.160,169.254.169.254,80,TCP,flow,2025-10-15T16:10:16.670946+0000,Unknown,2,1
115.98.235.107,172.31.38.160,8000,TCP,flow,2025-10-15T16:10:18.672237+0000,India,2,1
172.31.38.160,169.254.169.254,80,TCP,flow,2025-10-15T16:10:19.669733+0000,Unknown,2,1
172.31.38.160,169.254.169.254,80,TCP,flow,2025-10-15T16:10:19.669778+0000,Unknown,2,1
172.31.38.160,169.254.169.254,80,TCP,flow,2025-10-15T16:10:19.669788+0000,Unknown,2,1
172.31.38.160,169.254.169.254,80,TCP,flow,2025-10-15T16:10:20.706951+0000,Unknown,2,1
172.31.38.160,169.254.169.254,80,TCP,flow,2025-10-15T16:10:20.707000+0000,Unknown,2,1
172.31.38.160,169.254.169.254,80,TCP,flow,2025-10-15T16:10:22.711898+0000,Unknown,2,1
172.31.38.160,169.254.169.123,123,UDP,flow,2025-10-15T16:10:23.720944+0000,Unknown,3,1
115.98.235.107,172.31.38.160,8000,TCP,flow,2025-10-15T16:10:35.879406+0000,India,2,1
152.32.201.226,172.31.38.160,22,TCP,flow,2025-10-15T16:10:36.885117+0000,Japan,2,1
115.98.235.107,172.31.38.160,8000,TCP,flow,2025-10-15T16:10:41.071689+0000,India,2,1
172.31.38.160,169.254.169.123,123,UDP,flow,2025-10-15T16:10:41.071743+0000,Unknown,3,1
172.31.38.160,169.254.169.123,123,UDP,flow,2025-10-15T16:10:52.314710+0000,Unknown,3,1
172.31.38.160,169.254.169.123,123,UDP,flow,2025-10-15T16:11:08.813207+0000,Unknown,3,1
115.98.235.107,172.31.38.160,8000,TCP,flow,2025-10-15T16:11:25.255458+0000,India,2,1
115.98.235.107,172.31.38.160,80,TCP,flow,2025-10-15T16:11:25.255510+0000,India,2,1
115.98.235.107,172.31.38.160,80,TCP,flow,2025-10-15T16:11:26.301665+0000,India,2,1
152.58.1.75,172.31.38.160,8000,TCP,flow,2025-10-15T16:11:26.301712+0000,India,2,1
172.31.38.160,169.254.169.123,123,UDP,flow,2025-10-15T16:11:28.350960+0000,Unknown,3,1
172.31.38.160,169.254.169.123,123,UDP,flow,2025-10-15T16:11:46.643593+0000,Unknown,3,1
115.21.183.150,172.31.38.160,22,TCP,flow,2025-10-15T16:11:54.819943+0000,South Korea,2,1
172.31.38.160,169.254.169.123,123,UDP,flow,2025-10-15T16:11:55.824943+0000,Unknown,3,1
172.31.38.160,169.254.169.123,123,UDP,flow,2025-10-15T16:12:17.351946+0000,Unknown,3,1
152.32.201.226,172.31.38.160,22,TCP,flow,2025-10-15T16:12:20.371150+0000,Japan,2,1
172.31.38.160,169.254.169.123,123,UDP,flow,2025-10-15T16:12:31.580065+0000,Unknown,3,1
64.62.156.197,172.31.38.160,22,TCP,flow,2025-10-15T16:12:34.701146+0000,United States,2,1
172.31.38.160,169.254.169.123,123,UDP,flow,2025-10-15T16:12:42.731950+0000,Unknown,3,1
152.58.1.75,172.31.38.160,8000,TCP,flow,2025-10-15T16:13:02.607080+0000,India,2,1
172.31.38.160,169.254.169.123,123,UDP,flow,2025-10-15T16:13:04.642949+0000,Unknown,3,1
106.222.211.183,172.31.38.160,8000,TCP,flow,2025-10-15T16:13:16.812991+0000,India,2,1
172.31.38.160,169.254.169.123,123,UDP,flow,2025-10-15T16:13:16.813285+0000,Unknown,3,1
115.21.183.150,172.31.38.160,22,TCP,flow,2025-10-15T16:13:35.138233+0000,South Korea,2,1
172.31.38.160,169.254.169.123,123,UDP,flow,2025-10-15T16:13:37.184047+0000,Unknown,3,1
172.31.38.160,169.254.169.123,123,UDP,flow,2025-10-15T16:13:49.637942+0000,Unknown,3,1
152.32.201.226,172.31.38.160,22,TCP,flow,2025-10-15T16:13:58.703971+0000,Japan,2,1
152.58.1.75,172.31.38.160,22,TCP,SURICATA STREAM Packet with invalid timestamp,2025-10-15T16:14:05.358808+0000,India,2,1
152.58.1.75,172.31.38.160,22,TCP,SURICATA STREAM Packet with invalid timestamp,2025-10-15T16:14:05.680542+0000,India,2,1
152.58.1.75,172.31.38.160,22,TCP,SURICATA STREAM Packet with invalid timestamp,2025-10-15T16:14:06.242843+0000,India,2,1
152.58.1.75,172.31.38.160,22,TCP,SURICATA STREAM Packet with invalid timestamp,2025-10-15T16:14:06.443611+0000,India,2,1
172.31.38.160,169.254.169.123,123,UDP,flow,2025-10-15T16:14:06.966074+0000,Unknown,3,1
152.58.1.75,172.31.38.160,22,TCP,SURICATA STREAM Packet with invalid timestamp,2025-10-15T16:14:10.908851+0000,India,2,1
152.58.1.75,172.31.38.160,22,TCP,SURICATA STREAM Packet with invalid timestamp,2025-10-15T16:14:11.230074+0000,India,2,1
152.58.1.75,172.31.38.160,22,TCP,SURICATA STREAM Packet with invalid timestamp,2025-10-15T16:14:12.194287+0000,India,2,1
152.58.1.75,172.31.38.160,22,TCP,SURICATA STREAM Packet with invalid timestamp,2025-10-15T16:14:12.278513+0000,India,2,1
152.58.1.75,172.31.38.160,22,TCP,SURICATA STREAM Packet with invalid timestamp,2025-10-15T16:14:12.361784+0000,India,2,1
152.58.1.75,172.31.38.160,22,TCP,SURICATA STREAM Packet with invalid timestamp,2025-10-15T16:14:12.640028+0000,India,2,1
152.58.1.75,172.31.38.160,22,TCP,SURICATA STREAM Packet with invalid timestamp,2025-10-15T16:14:12.800722+0000,India,2,1
152.58.1.75,172.31.38.160,22,TCP,SURICATA STREAM Packet with invalid timestamp,2025-10-15T16:14:12.800723+0000,India,2,1
152.58.1.75,172.31.38.160,22,TCP,SURICATA STREAM Packet with invalid timestamp,2025-10-15T16:14:12.801662+0000,India,2,1
152.58.1.75,172.31.38.160,22,TCP,SURICATA STREAM Packet with invalid timestamp,2025-10-15T16:14:12.881105+0000,India,2,1
152.58.1.75,172.31.38.160,22,TCP,SURICATA STREAM Packet with invalid timestamp,2025-10-15T16:14:13.921206+0000,India,2,1
152.58.1.75,172.31.38.160,22,TCP,SURICATA STREAM Packet with invalid timestamp,2025-10-15T16:14:14.528099+0000,India,2,1
152.58.1.75,172.31.38.160,22,TCP,SURICATA STREAM Packet with invalid timestamp,2025-10-15T16:14:14.608462+0000,India,2,1
152.58.1.75,172.31.38.160,22,TCP,SURICATA STREAM Packet with invalid timestamp,2025-10-15T16:14:14.809412+0000,India,2,1
152.58.1.75,172.31.38.160,22,TCP,SURICATA STREAM Packet with invalid timestamp,2025-10-15T16:14:15.050719+0000,India,2,1
152.58.1.75,172.31.38.160,22,TCP,SURICATA STREAM Packet with invalid timestamp,2025-10-15T16:14:15.131149+0000,India,2,1
152.58.1.75,172.31.38.160,22,TCP,SURICATA STREAM Packet with invalid timestamp,2025-10-15T16:14:15.211596+0000,India,2,1
152.58.1.75,172.31.38.160,22,TCP,SURICATA STREAM Packet with invalid timestamp,2025-10-15T16:14:15.251799+0000,India,2,1
152.58.1.75,172.31.38.160,22,TCP,SURICATA STREAM Packet with invalid timestamp,2025-10-15T16:14:15.375009+0000,India,2,1
152.58.1.75,172.31.38.160,22,TCP,SURICATA STREAM Packet with invalid timestamp,2025-10-15T16:14:16.578022+0000,India,2,1
152.58.1.75,172.31.38.160,22,TCP,SURICATA STREAM Packet with invalid timestamp,2025-10-15T16:14:17.341120+0000,India,2,1
152.58.1.75,172.31.38.160,22,TCP,SURICATA STREAM Packet with invalid timestamp,2025-10-15T16:14:17.944169+0000,India,2,1
152.58.1.75,172.31.38.160,22,TCP,SURICATA STREAM Packet with invalid timestamp,2025-10-15T16:14:18.752416+0000,India,2,1
152.58.1.75,172.31.38.160,22,TCP,SURICATA STREAM Packet with invalid timestamp,2025-10-15T16:14:18.873248+0000,India,2,1
152.58.1.75,172.31.38.160,22,TCP,SURICATA STREAM Packet with invalid timestamp,2025-10-15T16:14:18.913418+0000,India,2,1
152.58.1.75,172.31.38.160,22,TCP,SURICATA STREAM Packet with invalid timestamp,2025-10-15T16:14:19.235345+0000,India,2,1
152.58.1.75,172.31.38.160,22,TCP,SURICATA STREAM Packet with invalid timestamp,2025-10-15T16:14:19.557319+0000,India,2,1
152.58.1.75,172.31.38.160,22,TCP,SURICATA STREAM Packet with invalid timestamp,2025-10-15T16:14:23.204944+0000,India,2,1
152.58.1.75,172.31.38.160,22,TCP,SURICATA STREAM Packet with invalid timestamp,2025-10-15T16:14:23.245127+0000,India,2,1
152.58.1.75,172.31.38.160,22,TCP,SURICATA STREAM Packet with invalid timestamp,2025-10-15T16:14:23.807525+0000,India,2,1
152.58.1.75,172.31.38.160,22,TCP,SURICATA STREAM Packet with invalid timestamp,2025-10-15T16:14:23.887595+0000,India,2,1
172.31.38.160,169.254.169.123,123,UDP,flow,2025-10-15T16:14:24.283833+0000,Unknown,3,1
106.222.211.183,172.31.38.160,8000,TCP,flow,2025-10-15T16:14:24.404655+0000,India,2,1
152.58.1.75,172.31.38.160,22,TCP,flow,2025-10-15T16:14:24.404699+0000,India,2,1
182.43.26.115,172.31.38.160,22,TCP,flow,2025-10-15T16:14:24.404747+0000,China,2,1
172.31.38.160,108.61.56.35,123,UDP,flow,2025-10-15T16:14:24.524700+0000,Unknown,3,1
172.31.38.160,169.254.169.123,123,UDP,flow,2025-10-15T16:14:24.524723+0000,Unknown,3,1
172.31.38.160,169.254.169.123,123,UDP,flow,2025-10-15T16:14:24.524749+0000,Unknown,3,1
172.31.38.160,169.254.169.123,123,UDP,flow,2025-10-15T16:14:24.524767+0000,Unknown,3,1
172.31.38.160,169.254.169.123,123,UDP,flow,2025-10-15T16:14:24.524775+0000,Unknown,3,1
115.21.183.150,172.31.38.160,22,TCP,flow,2025-10-15T16:14:24.524781+0000,South Korea,2,1
172.31.38.160,169.254.169.123,123,UDP,flow,2025-10-15T16:14:24.524792+0000,Unknown,3,1
172.31.38.160,169.254.169.123,123,UDP,flow,2025-10-15T16:14:24.524799+0000,Unknown,3,1
172.31.38.160,169.254.169.123,123,UDP,flow,2025-10-15T16:14:24.524805+0000,Unknown,3,1
172.31.38.160,185.125.190.57,123,UDP,flow,2025-10-15T16:14:24.524812+0000,Unknown,3,1
172.31.38.160,169.254.169.123,123,UDP,flow,2025-10-15T16:14:24.524818+0000,Unknown,3,1
172.31.38.160,169.254.169.123,123,UDP,flow,2025-10-15T16:14:24.524827+0000,Unknown,3,1
172.31.38.160,169.254.169.123,123,UDP,flow,2025-10-15T16:14:24.524834+0000,Unknown,3,1
172.31.38.160,169.254.169.123,123,UDP,flow,2025-10-15T16:14:24.524854+0000,Unknown,3,1
172.31.38.160,169.254.169.123,123,UDP,flow,2025-10-15T16:14:24.524862+0000,Unknown,3,1
152.58.1.75,172.31.38.160,80,TCP,flow,2025-10-15T16:14:24.524868+0000,India,2,1
152.58.1.75,172.31.38.160,8000,TCP,flow,2025-10-15T16:14:24.524877+0000,India,2,1
172.31.38.160,169.254.169.123,123,UDP,flow,2025-10-15T16:14:24.524884+0000,Unknown,3,1
172.31.38.160,169.254.169.123,123,UDP,flow,2025-10-15T16:14:24.524891+0000,Unknown,3,1
152.58.1.75,172.31.38.160,8000,TCP,flow,2025-10-15T16:14:24.524901+0000,India,2,1
172.31.38.160,169.254.169.123,123,UDP,flow,2025-10-15T16:14:24.524912+0000,Unknown,3,1
152.58.1.75,172.31.38.160,8000,TCP,flow,2025-10-15T16:14:24.524918+0000,India,2,1
172.31.38.160,169.254.169.123,123,UDP,flow,2025-10-15T16:14:24.524996+0000,Unknown,3,1
172.31.38.160,172.31.32.1,67,UDP,flow,2025-10-15T16:14:24.525005+0000,Unknown,3,1
172.31.38.160,169.254.169.123,123,UDP,flow,2025-10-15T16:14:24.525014+0000,Unknown,3,1
172.31.38.160,169.254.169.123,123,UDP,flow,2025-10-15T16:14:24.525020+0000,Unknown,3,1
172.31.38.160,185.125.190.56,123,UDP,flow,2025-10-15T16:14:24.525027+0000,Unknown,3,1
152.58.1.75,172.31.38.160,8000,TCP,flow,2025-10-15T16:14:24.525033+0000,India,2,1
114.114.114.114,192.168.1.100,22,TCP,ET SCAN Potential SSH Scan,2025-10-15T16:33:25.333439+0000,China,2,1
192.168.1.100,192.168.1.100,6667,TCP,ET MALWARE Possible Botnet Activity,2025-10-15T16:33:32.786189+0000,Unknown,2,1
8.8.8.8,192.168.1.100,80,TCP,ET POLICY Suspicious HTTP Method,2025-10-15T16:33:39.719045+0000,United States,2,1
0.0.0.0,255.255.255.255,67,UDP,flow,2025-10-16T06:33:04.924316+0000,Unknown,3,1
169.254.169.254,172.31.38.160,55482,TCP,flow,2025-10-16T06:33:05.923590+0000,Unknown,2,1
3.131.215.38,172.31.38.160,8000,TCP,SURICATA Applayer Mismatch protocol both directions,2025-10-16T06:33:08.010938+0000,United States,2,1
169.254.169.254,172.31.38.160,55492,TCP,flow,2025-10-16T06:33:12.135371+0000,Unknown,2,1
3.131.215.38,172.31.38.160,8000,TCP,flow,2025-10-16T06:33:29.654046+0000,United States,2,1
172.31.38.160,44.236.207.167,443,TCP,flow,2025-10-16T06:33:30.777836+0000,Unknown,2,1
203.0.113.5,34.222.107.115,80,TCP,flow,2025-10-16T06:33:58.207947+0000,Unknown,2,1
192.0.2.9,34.222.107.115,80,TCP,flow,2025-10-16T06:34:04.218329+0000,Unknown,2,1
198.51.100.7,34.222.107.115,80,TCP,flow,2025-10-16T06:34:07.431917+0000,Unknown,2,1
3.131.215.38,172.31.38.160,8000,TCP,flow,2025-10-16T06:34:16.784004+0000,United States,2,1
136.232.248.186,172.31.38.160,8000,TCP,flow,2025-10-16T06:34:49.514135+0000,India,2,1
49.248.175.242,172.31.38.160,8000,TCP,flow,2025-10-16T06:34:51.601179+0000,India,2,1
49.248.175.242,172.31.38.160,8000,TCP,flow,2025-10-16T06:34:55.862413+0000,India,2,1
49.248.175.242,172.31.38.160,8000,TCP,flow,2025-10-16T06:35:04.076123+0000,India,2,1
49.248.175.242,172.31.38.160,80,TCP,flow,2025-10-16T06:35:10.789827+0000,India,2,1
136.232.248.186,172.31.38.160,8000,TCP,flow,2025-10-16T06:35:13.877133+0000,India,2,1
49.248.175.242,172.31.38.160,80,TCP,flow,2025-10-16T06:35:14.873946+0000,India,2,1
196.251.81.227,172.31.38.160,22,TCP,flow,2025-10-16T06:35:15.880094+0000,Seychelles,2,1
136.232.248.186,172.31.38.160,8000,TCP,flow,2025-10-16T06:35:28.458305+0000,India,2,1
49.248.175.242,172.31.38.160,8000,TCP,flow,2025-10-16T06:35:36.026514+0000,India,2,1
136.232.248.186,172.31.38.160,8000,TCP,flow,2025-10-16T06:35:42.364386+0000,India,2,1
136.232.248.186,172.31.38.160,8000,TCP,flow,2025-10-16T06:36:00.049953+0000,India,2,1
136.232.248.186,172.31.38.160,8000,TCP,flow,2025-10-16T06:36:04.284010+0000,India,2,1
172.31.38.160,44.236.207.167,443,TCP,flow,2025-10-16T06:36:09.585168+0000,Unknown,2,1
49.248.175.242,172.31.38.160,8000,TCP,flow,2025-10-16T06:36:11.584955+0000,India,2,1
136.232.248.186,172.31.38.160,22,TCP,flow,2025-10-16T06:36:11.910987+0000,India,2,1
136.232.248.186,172.31.38.160,80,TCP,flow,2025-10-16T06:36:13.681643+0000,India,2,1
136.232.248.186,172.31.38.160,8000,TCP,flow,2025-10-16T06:36:21.893530+0000,India,2,1
136.232.248.186,172.31.38.160,8000,TCP,flow,2025-10-16T06:36:32.454953+0000,India,2,1
172.31.38.160,54.185.146.175,0,ICMP,flow,2025-10-16T06:36:36.753026+0000,Unknown,0,1
172.31.38.160,54.185.146.175,443,TCP,flow,2025-10-16T06:36:42.135405+0000,Unknown,2,1
136.232.248.186,172.31.38.160,8000,TCP,flow,2025-10-16T06:36:50.330348+0000,India,2,1
136.232.248.186,172.31.38.160,8000,TCP,flow,2025-10-16T06:36:59.876078+0000,India,2,1
49.248.175.242,172.31.38.160,8000,TCP,flow,2025-10-16T06:37:03.234037+0000,India,2,1
172.31.38.160,44.239.25.69,443,TCP,flow,2025-10-16T06:37:04.236673+0000,Unknown,2,1
172.31.38.160,169.254.169.123,123,UDP,flow,2025-10-16T06:37:11.499422+0000,Unknown,3,1
49.248.175.242,172.31.38.160,8000,TCP,flow,2025-10-16T06:37:13.629543+0000,India,2,1
136.232.248.186,172.31.38.160,22,TCP,flow,2025-10-16T06:37:16.724407+0000,India,2,1
172.31.38.160,44.239.25.69,443,TCP,flow,2025-10-16T06:37:26.076990+0000,Unknown,2,1
172.31.38.160,8.8.8.8,53,UDP,flow,2025-10-16T06:37:27.123950+0000,Unknown,3,1
136.232.248.186,172.31.38.160,8000,TCP,flow,2025-10-16T06:37:27.123998+0000,India,2,1
172.31.38.160,169.254.169.123,123,UDP,flow,2025-10-16T06:37:27.124017+0000,Unknown,3,1
172.31.38.160,172.31.32.1,67,UDP,flow,2025-10-16T06:37:36.843381+0000,Unknown,3,1
172.31.38.160,169.254.169.123,123,UDP,flow,2025-10-16T06:37:42.190608+0000,Unknown,3,1
172.31.38.160,44.239.25.69,0,ICMP,flow,2025-10-16T06:37:53.640678+0000,Unknown,0,1
172.31.38.160,108.61.56.35,123,UDP,flow,2025-10-16T06:37:57.944658+0000,Unknown,3,1
172.31.38.160,54.185.146.175,443,TCP,flow,2025-10-16T06:38:00.038299+0000,Unknown,2,1
172.31.38.160,169.254.169.123,123,UDP,flow,2025-10-16T06:38:04.351524+0000,Unknown,3,1
49.248.175.242,172.31.38.160,8000,TCP,flow,2025-10-16T06:38:05.429582+0000,India,2,1
172.31.38.160,169.254.169.123,123,UDP,flow,2025-10-16T06:38:16.428576+0000,Unknown,3,1
172.31.38.160,54.185.146.175,443,TCP,flow,2025-10-16T06:38:24.955862+0000,Unknown,2,1
172.31.38.160,169.254.169.123,123,UDP,flow,2025-10-16T06:38:35.718129+0000,Unknown,3,1
172.31.38.160,54.185.146.175,443,TCP,flow,2025-10-16T06:38:52.236054+0000,Unknown,2,1
172.31.38.160,169.254.169.123,123,UDP,flow,2025-10-16T06:38:55.374952+0000,Unknown,3,1
172.31.38.160,169.254.169.123,123,UDP,flow,2025-10-16T06:39:09.609271+0000,Unknown,3,1
172.31.38.160,54.185.146.175,0,ICMP,flow,2025-10-16T06:39:15.985949+0000,Unknown,0,1
172.31.38.160,44.236.207.167,443,TCP,flow,2025-10-16T06:39:18.113664+0000,Unknown,2,1
49.248.175.242,172.31.38.160,8000,TCP,flow,2025-10-16T06:39:22.375651+0000,India,2,1
172.31.38.160,169.254.169.123,123,UDP,flow,2025-10-16T06:39:24.347945+0000,Unknown,3,1
172.31.38.160,44.236.207.167,443,TCP,flow,2025-10-16T06:39:36.173987+0000,Unknown,2,1
172.31.38.160,169.254.169.123,123,UDP,flow,2025-10-16T06:39:40.393172+0000,Unknown,3,1
196.251.81.227,172.31.38.160,22,TCP,flow,2025-10-16T06:39:43.606659+0000,Seychelles,2,1
172.31.38.160,169.254.169.123,123,UDP,flow,2025-10-16T06:40:00.116097+0000,Unknown,3,1
172.31.38.160,54.185.146.175,443,TCP,flow,2025-10-16T06:40:06.601277+0000,Unknown,2,1
172.31.38.160,8.8.8.8,53,UDP,flow,2025-10-16T06:40:14.026947+0000,Unknown,3,1
172.31.38.160,169.254.169.123,123,UDP,flow,2025-10-16T06:40:16.115065+0000,Unknown,3,1
172.31.38.160,169.254.169.123,123,UDP,flow,2025-10-16T06:40:28.525658+0000,Unknown,3,1
136.232.248.186,172.31.38.160,8000,TCP,flow,2025-10-16T06:40:34.704849+0000,India,2,1
172.31.38.160,8.8.8.8,53,UDP,flow,2025-10-16T06:40:39.969947+0000,Unknown,3,1
172.31.38.160,54.185.146.175,0,ICMP,flow,2025-10-16T06:40:39.970010+0000,Unknown,0,1
172.31.38.160,54.185.146.175,443,TCP,flow,2025-10-16T06:40:43.018919+0000,Unknown,2,1
172.31.38.160,169.254.169.123,123,UDP,flow,2025-10-16T06:40:43.019969+0000,Unknown,3,1
172.31.38.160,185.125.190.57,123,UDP,flow,2025-10-16T06:40:52.290919+0000,Unknown,3,1
172.31.38.160,169.254.169.123,123,UDP,flow,2025-10-16T06:40:55.387596+0000,Unknown,3,1
49.248.175.242,172.31.38.160,8000,TCP,flow,2025-10-16T06:41:01.329747+0000,India,2,1
49.248.175.242,172.31.38.160,8000,TCP,flow,2025-10-16T06:41:01.329819+0000,India,2,1
172.31.38.160,44.239.25.69,443,TCP,flow,2025-10-16T06:41:01.329869+0000,Unknown,2,1
172.31.38.160,136.232.248.186,62688,TCP,flow,2025-10-16T06:41:01.490370+0000,Unknown,2,1
172.31.38.160,169.254.169.123,123,UDP,flow,2025-10-16T06:41:01.490418+0000,Unknown,3,1
49.248.175.242,172.31.38.160,8000,TCP,flow,2025-10-16T06:41:01.490430+0000,India,2,1
172.31.38.160,169.254.169.123,123,UDP,flow,2025-10-16T06:41:01.490438+0000,Unknown,3,1
172.31.38.160,8.8.8.8,53,UDP,flow,2025-10-16T06:41:01.490444+0000,Unknown,3,1
172.31.38.160,185.125.190.56,123,UDP,flow,2025-10-16T06:41:01.689358+0000,Unknown,3,1
172.31.38.160,8.8.8.8,53,UDP,flow,2025-10-16T06:41:05.976475+0000,Unknown,3,1
172.31.38.160,44.236.207.167,443,TCP,flow,2025-10-16T06:41:07.059337+0000,Unknown,2,1
172.31.38.160,8.8.8.8,53,UDP,flow,2025-10-16T06:41:09.151880+0000,Unknown,3,1
172.31.38.160,169.254.169.123,123,UDP,flow,2025-10-16T06:41:17.344839+0000,Unknown,3,1
172.31.38.160,8.8.8.8,53,UDP,flow,2025-10-16T06:41:26.718718+0000,Unknown,3,1
172.31.38.160,169.254.169.123,123,UDP,flow,2025-10-16T06:41:33.397962+0000,Unknown,3,1
49.248.175.242,172.31.38.160,8000,TCP,flow,2025-10-16T06:41:41.613779+0000,India,2,1
172.31.38.160,44.239.25.69,443,TCP,flow,2025-10-16T06:41:46.871980+0000,Unknown,2,1
172.31.38.160,169.254.169.123,123,UDP,flow,2025-10-16T06:41:49.161936+0000,Unknown,3,1
172.31.38.160,8.8.8.8,53,UDP,flow,2025-10-16T06:41:58.407945+0000,Unknown,3,1
172.31.38.160,169.254.169.123,123,UDP,flow,2025-10-16T06:42:03.491308+0000,Unknown,3,1
172.31.38.160,169.254.169.123,123,UDP,flow,2025-10-16T06:42:16.348572+0000,Unknown,3,1
172.31.38.160,44.239.25.69,443,TCP,flow,2025-10-16T06:42:21.653054+0000,Unknown,2,1
172.31.38.160,8.8.8.8,53,UDP,flow,2025-10-16T06:42:25.862160+0000,Unknown,3,1
172.31.38.160,8.8.8.8,53,UDP,flow,2025-10-16T06:42:25.862205+0000,Unknown,3,1
49.248.175.242,172.31.38.160,8000,TCP,flow,2025-10-16T06:42:26.989195+0000,India,2,1
172.31.38.160,44.236.207.167,0,ICMP,flow,2025-10-16T06:42:33.215021+0000,Unknown,0,1
172.31.38.160,169.254.169.123,123,UDP,flow,2025-10-16T06:42:37.388752+0000,Unknown,3,1
49.248.175.242,172.31.38.160,8000,TCP,flow,2025-10-16T06:42:38.438569+0000,India,2,1
136.232.248.186,172.31.38.160,8000,TCP,flow,2025-10-16T06:42:44.825191+0000,India,2,1
192.0.2.9,34.222.107.115,80,TCP,flow,2025-10-16T06:42:52.977986+0000,Unknown,2,1
172.31.38.160,169.254.169.123,123,UDP,flow,2025-10-16T06:42:53.984009+0000,Unknown,3,1
172.31.38.160,8.8.8.8,53,UDP,flow,2025-10-16T06:42:53.984036+0000,Unknown,3,1
198.51.100.7,34.222.107.115,80,TCP,flow,2025-10-16T06:42:56.115829+0000,Unknown,2,1
49.248.175.242,172.31.38.160,8000,TCP,flow,2025-10-16T06:42:57.161323+0000,India,2,1
203.0.113.5,34.222.107.115,80,TCP,flow,2025-10-16T06:42:57.161377+0000,Unknown,2,1
136.232.248.186,172.31.38.160,8000,TCP,flow,2025-10-16T06:43:03.772593+0000,India,2,1
172.31.38.160,54.185.146.175,443,TCP,flow,2025-10-16T06:43:03.891002+0000,Unknown,2,1
172.31.38.160,169.254.169.123,123,UDP,flow,2025-10-16T06:43:08.074757+0000,Unknown,3,1
172.31.38.160,8.8.8.8,53,UDP,flow,2025-10-16T06:43:18.696808+0000,Unknown,3,1
172.31.38.160,185.125.190.58,123,UDP,flow,2025-10-16T06:43:29.059708+0000,Unknown,3,1
172.31.38.160,169.254.169.123,123,UDP,flow,2025-10-16T06:43:30.098946+0000,Unknown,3,1
172.31.38.160,44.239.25.69,443,TCP,flow,2025-10-16T06:43:32.260842+0000,Unknown,2,1
172.31.38.160,8.8.8.8,53,UDP,flow,2025-10-16T06:43:36.306396+0000,Unknown,3,1
172.31.38.160,169.254.169.123,123,UDP,flow,2025-10-16T06:43:39.355612+0000,Unknown,3,1
172.31.38.160,8.8.8.8,53,UDP,flow,2025-10-16T06:43:50.791948+0000,Unknown,3,1
172.31.38.160,44.236.207.167,443,TCP,flow,2025-10-16T06:43:58.183557+0000,Unknown,2,1
172.31.38.160,169.254.169.123,123,UDP,flow,2025-10-16T06:43:58.183640+0000,Unknown,3,1
172.31.38.160,54.185.146.175,0,ICMP,flow,2025-10-16T06:44:01.752977+0000,Unknown,0,1
172.31.38.160,54.185.146.175,0,ICMP,flow,2025-10-16T06:44:02.427669+0000,Unknown,0,1
172.31.38.160,8.8.8.8,53,UDP,flow,2025-10-16T06:44:10.702183+0000,Unknown,3,1
172.31.38.160,169.254.169.123,123,UDP,flow,2025-10-16T06:44:20.305329+0000,Unknown,3,1
136.232.248.186,172.31.38.160,22,TCP,flow,2025-10-16T06:44:21.992956+0000,India,2,1
136.232.248.186,172.31.38.160,22,TCP,flow,2025-10-16T06:44:22.436281+0000,India,2,1
172.31.38.160,169.254.169.123,123,UDP,flow,2025-10-16T06:44:26.738590+0000,Unknown,3,1
172.31.38.160,44.236.207.167,443,TCP,flow,2025-10-16T06:44:32.109986+0000,Unknown,2,1
172.31.38.160,44.236.207.167,443,TCP,flow,2025-10-16T06:44:32.188668+0000,Unknown,2,1
172.31.38.160,8.8.8.8,53,UDP,flow,2025-10-16T06:44:40.395694+0000,Unknown,3,1
49.248.175.242,172.31.38.160,8000,TCP,flow,2025-10-16T06:44:40.395742+0000,India,2,1
172.31.38.160,83.147.242.172,123,UDP,flow,2025-10-16T06:44:40.395760+0000,Unknown,3,1
49.248.175.242,172.31.38.160,8000,TCP,flow,2025-10-16T06:44:43.288116+0000,India,2,1
49.248.175.242,172.31.38.160,8000,TCP,flow,2025-10-16T06:44:49.499667+0000,India,2,1
136.232.248.186,172.31.38.160,80,TCP,flow,2025-10-16T06:44:50.500316+0000,India,2,1
136.232.248.186,172.31.38.160,80,TCP,flow,2025-10-16T06:44:50.743947+0000,India,2,1
49.248.175.242,172.31.38.160,8000,TCP,flow,2025-10-16T06:44:51.944644+0000,India,2,1
172.31.38.160,169.254.169.123,123,UDP,flow,2025-10-16T06:44:51.944699+0000,Unknown,3,1
49.248.175.242,172.31.38.160,80,TCP,flow,2025-10-16T06:44:54.551945+0000,India,2,1
172.31.38.160,44.236.207.167,443,TCP,flow,2025-10-16T06:44:56.118420+0000,Unknown,2,1
49.248.175.242,172.31.38.160,80,TCP,flow,2025-10-16T06:44:57.203336+0000,India,2,1
172.31.38.160,8.8.8.8,53,UDP,flow,2025-10-16T06:44:57.203386+0000,Unknown,3,1
136.232.248.186,172.31.38.160,8000,TCP,flow,2025-10-16T06:44:57.203398+0000,India,2,1
172.31.38.160,169.254.169.123,123,UDP,flow,2025-10-16T06:44:59.290428+0000,Unknown,3,1
172.31.38.160,44.236.207.167,443,TCP,flow,2025-10-16T06:44:59.609717+0000,Unknown,2,1
172.31.38.160,8.8.8.8,53,UDP,flow,2025-10-16T06:45:02.367498+0000,Unknown,3,1
136.232.248.186,172.31.38.160,8000,TCP,flow,2025-10-16T06:45:02.568980+0000,India,2,1
172.31.38.160,44.239.25.69,443,TCP,flow,2025-10-16T06:45:19.156757+0000,Unknown,2,1
172.31.38.160,44.239.25.69,443,TCP,flow,2025-10-16T06:45:19.759648+0000,Unknown,2,1
172.31.38.160,169.254.169.123,123,UDP,flow,2025-10-16T06:45:22.249425+0000,Unknown,3,1
172.31.38.160,54.185.146.175,0,ICMP,flow,2025-10-16T06:45:22.729425+0000,Unknown,0,1
172.31.38.160,54.185.146.175,0,ICMP,flow,2025-10-16T06:45:26.380369+0000,Unknown,0,1
172.31.38.160,169.254.169.123,123,UDP,flow,2025-10-16T06:45:32.728495+0000,Unknown,3,1
49.248.175.242,172.31.38.160,80,TCP,flow,2025-10-16T06:45:44.917949+0000,India,2,1
136.232.248.186,172.31.38.160,22,TCP,flow,2025-10-16T06:45:46.403946+0000,India,2,1
49.248.175.242,172.31.38.160,80,TCP,flow,2025-10-16T06:45:47.454366+0000,India,2,1
172.31.38.160,8.8.8.8,53,UDP,flow,2025-10-16T06:45:47.454419+0000,Unknown,3,1
172.31.38.160,169.254.169.123,123,UDP,flow,2025-10-16T06:45:48.459387+0000,Unknown,3,1
172.31.38.160,44.236.207.167,443,TCP,flow,2025-10-16T06:45:50.029427+0000,Unknown,2,1
136.232.248.186,172.31.38.160,22,TCP,flow,2025-10-16T06:45:52.954391+0000,India,2,1
172.31.38.160,44.236.207.167,443,TCP,flow,2025-10-16T06:45:54.767194+0000,Unknown,2,1
172.31.38.160,54.185.146.175,443,TCP,flow,2025-10-16T06:45:55.251709+0000,Unknown,2,1
172.31.38.160,44.236.207.167,443,TCP,flow,2025-10-16T06:45:55.251768+0000,Unknown,2,1
172.31.38.160,169.254.169.123,123,UDP,flow,2025-10-16T06:45:55.412568+0000,Unknown,3,1
172.31.38.160,8.8.8.8,53,UDP,flow,2025-10-16T06:45:55.412607+0000,Unknown,3,1
172.31.38.160,169.254.169.123,123,UDP,flow,2025-10-16T06:45:55.412631+0000,Unknown,3,1
172.31.38.160,169.254.169.123,123,UDP,flow,2025-10-16T06:45:55.412652+0000,Unknown,3,1
172.31.38.160,169.254.169.123,123,UDP,flow,2025-10-16T06:45:55.412659+0000,Unknown,3,1
136.232.248.186,172.31.38.160,22,TCP,flow,2025-10-16T06:45:55.412665+0000,India,2,1
172.31.38.160,8.8.8.8,53,UDP,flow,2025-10-16T06:45:55.412673+0000,Unknown,3,1
172.31.38.160,169.254.169.123,123,UDP,flow,2025-10-16T06:45:55.412679+0000,Unknown,3,1
172.31.38.160,169.254.169.123,123,UDP,flow,2025-10-16T06:45:55.412685+0000,Unknown,3,1
172.31.38.160,8.8.8.8,53,UDP,flow,2025-10-16T06:45:55.412691+0000,Unknown,3,1
172.31.38.160,169.254.169.123,123,UDP,flow,2025-10-16T06:45:55.412697+0000,Unknown,3,1
172.31.38.160,8.8.8.8,53,UDP,flow,2025-10-16T06:45:55.412703+0000,Unknown,3,1
172.31.38.160,169.254.169.123,123,UDP,flow,2025-10-16T06:45:55.412724+0000,Unknown,3,1
172.31.38.160,8.8.8.8,53,UDP,flow,2025-10-16T06:45:55.412731+0000,Unknown,3,1
172.31.38.160,169.254.169.123,123,UDP,flow,2025-10-16T06:45:55.412737+0000,Unknown,3,1
172.31.38.160,169.254.169.123,123,UDP,flow,2025-10-16T06:45:55.412743+0000,Unknown,3,1
172.31.38.160,8.8.8.8,53,UDP,flow,2025-10-16T06:45:55.412749+0000,Unknown,3,1
172.31.38.160,172.234.37.140,123,UDP,flow,2025-10-16T06:45:55.412755+0000,Unknown,3,1
172.31.38.160,169.254.169.123,123,UDP,flow,2025-10-16T06:45:55.412761+0000,Unknown,3,1
172.31.38.160,8.8.8.8,53,UDP,flow,2025-10-16T06:45:55.412767+0000,Unknown,3,1
172.31.38.160,91.189.91.157,123,UDP,flow,2025-10-16T06:45:55.412773+0000,Unknown,3,1
172.31.38.160,104.234.61.117,123,UDP,flow,2025-10-16T06:45:55.412782+0000,Unknown,3,1
172.31.38.160,8.8.8.8,53,UDP,flow,2025-10-16T06:45:55.412788+0000,Unknown,3,1
172.31.38.160,169.254.169.123,123,UDP,flow,2025-10-16T06:46:03.227947+0000,Unknown,3,1
172.31.38.160,8.8.8.8,53,UDP,flow,2025-10-16T06:46:21.811914+0000,Unknown,3,1
172.31.38.160,44.236.207.167,443,TCP,flow,2025-10-16T06:46:22.857083+0000,Unknown,2,1
172.31.38.160,169.254.169.123,123,UDP,flow,2025-10-16T06:46:22.857485+0000,Unknown,3,1
172.31.38.160,169.254.169.123,123,UDP,flow,2025-10-16T06:46:36.545420+0000,Unknown,3,1
172.31.38.160,54.185.146.175,443,TCP,flow,2025-10-16T06:46:54.766089+0000,Unknown,2,1
172.31.38.160,169.254.169.123,123,UDP,flow,2025-10-16T06:46:57.729445+0000,Unknown,3,1
172.31.38.160,44.236.207.167,0,ICMP,flow,2025-10-16T06:46:57.729500+0000,Unknown,0,1
172.31.38.160,8.8.8.8,53,UDP,flow,2025-10-16T06:47:01.857355+0000,Unknown,3,1
172.31.38.160,8.8.8.8,53,UDP,flow,2025-10-16T06:47:04.298585+0000,Unknown,3,1
136.232.248.186,172.31.38.160,22,TCP,flow,2025-10-16T06:47:11.616514+0000,India,2,1
172.31.38.160,54.185.146.175,443,TCP,flow,2025-10-16T06:47:14.706054+0000,Unknown,2,1
172.31.38.160,169.254.169.123,123,UDP,flow,2025-10-16T06:47:15.790518+0000,Unknown,3,1
172.31.38.160,8.8.8.8,53,UDP,flow,2025-10-16T06:47:29.149094+0000,Unknown,3,1
172.31.38.160,169.254.169.123,123,UDP,flow,2025-10-16T06:47:31.282568+0000,Unknown,3,1
172.31.38.160,169.254.169.123,123,UDP,flow,2025-10-16T06:47:46.029717+0000,Unknown,3,1
172.31.38.160,44.236.207.167,443,TCP,flow,2025-10-16T06:47:51.497595+0000,Unknown,2,1
172.31.38.160,169.254.169.123,123,UDP,flow,2025-10-16T06:47:57.732692+0000,Unknown,3,1
172.31.38.160,8.8.8.8,53,UDP,flow,2025-10-16T06:48:01.816201+0000,Unknown,3,1
167.94.138.134,172.31.38.160,8000,TCP,flow,2025-10-16T06:48:09.324773+0000,United States,2,1
172.31.38.160,54.185.146.175,0,ICMP,flow,2025-10-16T06:48:15.907966+0000,Unknown,0,1
172.31.38.160,169.254.169.123,123,UDP,flow,2025-10-16T06:48:18.038280+0000,Unknown,3,1
172.31.38.160,44.239.25.69,443,TCP,flow,2025-10-16T06:48:19.244229+0000,Unknown,2,1
172.31.38.160,8.8.8.8,53,UDP,flow,2025-10-16T06:48:25.469808+0000,Unknown,3,1
172.31.38.160,169.254.169.123,123,UDP,flow,2025-10-16T06:48:38.735047+0000,Unknown,3,1
172.31.38.160,8.8.8.8,53,UDP,flow,2025-10-16T06:48:39.818182+0000,Unknown,3,1
172.31.38.160,44.236.207.167,443,TCP,flow,2025-10-16T06:48:42.950983+0000,Unknown,2,1
136.232.248.186,172.31.38.160,8000,TCP,flow,2025-10-16T06:48:48.295003+0000,India,2,1
172.31.38.160,91.189.91.157,123,UDP,flow,2025-10-16T06:48:51.381896+0000,Unknown,3,1
172.31.38.160,169.254.169.123,123,UDP,flow,2025-10-16T06:48:53.428949+0000,Unknown,3,1
186.96.145.241,172.31.38.160,22,TCP,flow,2025-10-16T06:48:54.515239+0000,Mexico,2,1
172.31.38.160,8.8.8.8,53,UDP,flow,2025-10-16T06:49:00.871274+0000,Unknown,3,1
49.248.175.242,172.31.38.160,8000,TCP,flow,2025-10-16T06:49:05.144743+0000,India,2,1
172.31.38.160,169.254.169.123,123,UDP,flow,2025-10-16T06:49:11.641631+0000,Unknown,3,1
172.31.38.160,54.185.146.175,443,TCP,flow,2025-10-16T06:49:15.019998+0000,Unknown,2,1
136.232.248.186,172.31.38.160,8000,TCP,flow,2025-10-16T06:49:18.276274+0000,India,2,1
172.31.38.160,169.254.169.123,123,UDP,flow,2025-10-16T06:49:19.480949+0000,Unknown,3,1
172.31.38.160,8.8.8.8,53,UDP,flow,2025-10-16T06:49:26.068272+0000,Unknown,3,1
172.31.38.160,169.254.169.123,123,UDP,flow,2025-10-16T06:49:34.543796+0000,Unknown,3,1
172.31.38.160,44.236.207.167,443,TCP,flow,2025-10-16T06:49:46.681061+0000,Unknown,2,1
49.248.175.242,172.31.38.160,80,TCP,flow,2025-10-16T06:49:48.693951+0000,India,2,1
172.31.38.160,172.234.37.140,123,UDP,flow,2025-10-16T06:49:48.694015+0000,Unknown,3,1
136.232.248.186,172.31.38.160,80,TCP,flow,2025-10-16T06:49:50.780432+0000,India,2,1
172.31.38.160,8.8.8.8,53,UDP,flow,2025-10-16T06:49:52.785754+0000,Unknown,3,1
172.31.38.160,8.8.8.8,53,UDP,flow,2025-10-16T06:49:54.881201+0000,Unknown,3,1
172.31.38.160,44.236.207.167,0,ICMP,flow,2025-10-16T06:49:58.982092+0000,Unknown,0,1
136.232.248.186,172.31.38.160,80,TCP,flow,2025-10-16T06:49:59.987092+0000,India,2,1
172.31.38.160,169.254.169.123,123,UDP,flow,2025-10-16T06:49:59.987175+0000,Unknown,3,1
172.31.38.160,104.234.61.117,123,UDP,flow,2025-10-16T06:50:00.990995+0000,Unknown,3,1
172.31.38.160,169.254.169.123,123,UDP,flow,2025-10-16T06:50:08.404362+0000,Unknown,3,1
172.31.38.160,8.8.8.8,53,UDP,flow,2025-10-16T06:50:18.466057+0000,Unknown,3,1
172.31.38.160,54.185.146.175,443,TCP,flow,2025-10-16T06:50:20.496202+0000,Unknown,2,1
172.31.38.160,152.58.1.40,56076,TCP,flow,2025-10-16T06:50:24.488947+0000,Unknown,2,1
172.31.38.160,169.254.169.123,123,UDP,flow,2025-10-16T06:50:28.682006+0000,Unknown,3,1
172.31.38.160,169.254.169.123,123,UDP,flow,2025-10-16T06:50:42.890574+0000,Unknown,3,1
172.31.38.160,152.58.1.40,49681,TCP,flow,2025-10-16T06:50:47.353854+0000,Unknown,2,1
172.31.38.160,8.8.8.8,53,UDP,flow,2025-10-16T06:50:49.446161+0000,Unknown,3,1
172.31.38.160,44.236.207.167,0,ICMP,flow,2025-10-16T06:50:51.490639+0000,Unknown,0,1
172.31.38.160,152.58.1.40,59987,TCP,flow,2025-10-16T06:50:53.542508+0000,Unknown,2,1
172.31.38.160,152.58.1.40,58203,TCP,flow,2025-10-16T06:50:54.629744+0000,Unknown,2,1
172.31.38.160,152.58.1.40,53891,TCP,flow,2025-10-16T06:50:58.777360+0000,Unknown,2,1
172.31.38.160,152.58.1.40,59895,TCP,flow,2025-10-16T06:50:59.827168+0000,Unknown,2,1
172.31.38.160,54.185.146.175,443,TCP,flow,2025-10-16T06:51:01.865016+0000,Unknown,2,1
172.31.38.160,169.254.169.123,123,UDP,flow,2025-10-16T06:51:02.946423+0000,Unknown,3,1
172.31.38.160,152.58.2.90,63404,TCP,flow,2025-10-16T06:51:07.160844+0000,Unknown,2,1
49.248.175.242,172.31.38.160,8000,TCP,flow,2025-10-16T06:51:10.505340+0000,India,2,1
172.31.38.160,169.254.169.123,123,UDP,flow,2025-10-16T06:51:12.794239+0000,Unknown,3,1
172.31.38.160,44.239.25.69,443,TCP,flow,2025-10-16T06:51:16.892047+0000,Unknown,2,1
172.31.38.160,152.58.2.90,54321,TCP,flow,2025-10-16T06:51:16.892960+0000,Unknown,2,1
172.31.38.160,44.239.25.69,0,ICMP,flow,2025-10-16T06:51:21.228382+0000,Unknown,0,1
172.31.38.160,8.8.8.8,53,UDP,flow,2025-10-16T06:51:22.273833+0000,Unknown,3,1
172.31.38.160,44.239.25.69,443,TCP,flow,2025-10-16T06:51:23.398446+0000,Unknown,2,1
172.31.38.160,8.8.8.8,53,UDP,flow,2025-10-16T06:51:26.416293+0000,Unknown,3,1
172.31.38.160,44.239.25.69,443,TCP,flow,2025-10-16T06:51:28.500064+0000,Unknown,2,1
172.31.38.160,54.185.146.175,443,TCP,flow,2025-10-16T06:51:32.636980+0000,Unknown,2,1
172.31.38.160,169.254.169.123,123,UDP,flow,2025-10-16T06:51:37.382374+0000,Unknown,3,1
172.31.38.160,54.185.146.175,443,TCP,flow,2025-10-16T06:51:41.395129+0000,Unknown,2,1
172.31.38.160,8.8.8.8,53,UDP,flow,2025-10-16T06:51:46.729735+0000,Unknown,3,1
172.31.38.160,169.254.169.123,123,UDP,flow,2025-10-16T06:51:54.006745+0000,Unknown,3,1
172.31.38.160,169.254.169.123,123,UDP,flow,2025-10-16T06:52:02.280944+0000,Unknown,3,1
196.251.81.227,172.31.38.160,22,TCP,flow,2025-10-16T06:52:02.280995+0000,Seychelles,2,1
172.31.38.160,54.185.146.175,443,TCP,flow,2025-10-16T06:52:15.935939+0000,Unknown,2,1
172.31.38.160,8.8.8.8,53,UDP,flow,2025-10-16T06:52:20.161927+0000,Unknown,3,1
172.31.38.160,169.254.169.123,123,UDP,flow,2025-10-16T06:52:20.161995+0000,Unknown,3,1
172.31.38.160,8.8.8.8,53,UDP,flow,2025-10-16T06:52:37.026141+0000,Unknown,3,1
172.31.38.160,169.254.169.123,123,UDP,flow,2025-10-16T06:52:38.072157+0000,Unknown,3,1
172.31.38.160,8.8.8.8,53,UDP,flow,2025-10-16T06:52:43.412004+0000,Unknown,3,1
172.31.38.160,44.239.25.69,443,TCP,flow,2025-10-16T06:52:45.534637+0000,Unknown,2,1
172.31.38.160,44.239.25.69,0,ICMP,flow,2025-10-16T06:52:46.576666+0000,Unknown,0,1
136.232.248.186,172.31.38.160,22,TCP,flow,2025-10-16T06:52:51.865448+0000,India,2,1
172.31.38.160,169.254.169.123,123,UDP,flow,2025-10-16T06:52:57.189758+0000,Unknown,3,1
172.31.38.160,54.185.146.175,443,TCP,flow,2025-10-16T06:53:09.685800+0000,Unknown,2,1
172.31.38.160,169.254.169.123,123,UDP,flow,2025-10-16T06:53:13.784725+0000,Unknown,3,1
172.31.38.160,8.8.8.8,53,UDP,flow,2025-10-16T06:53:14.829333+0000,Unknown,3,1
49.248.175.242,172.31.38.160,8000,TCP,flow,2025-10-16T06:53:16.914911+0000,India,2,1
49.248.175.242,172.31.38.160,8000,TCP,flow,2025-10-16T06:53:20.048124+0000,India,2,1
172.31.38.160,169.254.169.123,123,UDP,flow,2025-10-16T06:53:25.427836+0000,Unknown,3,1
136.232.248.186,172.31.38.160,8000,TCP,flow,2025-10-16T06:53:28.764662+0000,India,2,1
172.31.38.160,54.185.146.175,443,TCP,flow,2025-10-16T06:53:37.339299+0000,Unknown,2,1
172.31.38.160,169.254.169.123,123,UDP,flow,2025-10-16T06:53:44.731249+0000,Unknown,3,1
172.31.38.160,8.8.8.8,53,UDP,flow,2025-10-16T06:53:49.108950+0000,Unknown,3,1
172.31.38.160,169.254.169.123,123,UDP,flow,2025-10-16T06:53:57.532235+0000,Unknown,3,1
49.248.175.242,172.31.38.160,80,TCP,flow,2025-10-16T06:53:59.699264+0000,India,2,1
136.232.248.186,172.31.38.160,80,TCP,flow,2025-10-16T06:53:59.699306+0000,India,2,1
172.31.38.160,169.254.169.123,123,UDP,flow,2025-10-16T06:54:12.601767+0000,Unknown,3,1
172.31.38.160,44.239.25.69,443,TCP,flow,2025-10-16T06:54:12.720541+0000,Unknown,2,1
49.248.175.242,172.31.38.160,80,TCP,flow,2025-10-16T06:54:13.804133+0000,India,2,1
172.31.38.160,54.185.146.175,0,ICMP,flow,2025-10-16T06:54:19.236202+0000,Unknown,0,1
172.31.38.160,8.8.8.8,53,UDP,flow,2025-10-16T06:54:21.646957+0000,Unknown,3,1
172.31.38.160,169.254.169.123,123,UDP,flow,2025-10-16T06:54:26.063051+0000,Unknown,3,1
172.31.38.160,8.8.8.8,53,UDP,flow,2025-10-16T06:54:28.148982+0000,Unknown,3,1
172.31.38.160,169.254.169.123,123,UDP,flow,2025-10-16T06:54:44.720089+0000,Unknown,3,1
172.31.38.160,44.239.25.69,443,TCP,flow,2025-10-16T06:54:51.945689+0000,Unknown,2,1
172.31.38.160,8.8.8.8,53,UDP,flow,2025-10-16T06:55:01.030788+0000,Unknown,3,1
172.31.38.160,169.254.169.123,123,UDP,flow,2025-10-16T06:55:02.148967+0000,Unknown,3,1
172.31.38.160,108.61.56.35,123,UDP,flow,2025-10-16T06:55:13.495895+0000,Unknown,3,1
172.31.38.160,8.8.8.8,53,UDP,flow,2025-10-16T06:55:16.716433+0000,Unknown,3,1
172.31.38.160,8.8.8.8,53,UDP,flow,2025-10-16T06:55:18.967531+0000,Unknown,3,1
172.31.38.160,8.8.8.8,53,UDP,flow,2025-10-16T06:55:20.051958+0000,Unknown,3,1
172.31.38.160,8.8.8.8,53,UDP,flow,2025-10-16T06:55:23.302192+0000,Unknown,3,1
172.31.38.160,169.254.169.123,123,UDP,flow,2025-10-16T06:55:24.269958+0000,Unknown,3,1
172.31.38.160,54.185.146.175,0,ICMP,flow,2025-10-16T06:55:24.270007+0000,Unknown,0,1
172.31.38.160,8.8.8.8,53,UDP,flow,2025-10-16T06:55:30.979734+0000,Unknown,3,1
172.31.38.160,169.254.169.123,123,UDP,flow,2025-10-16T06:55:34.839308+0000,Unknown,3,1
172.31.38.160,8.8.8.8,53,UDP,flow,2025-10-16T06:55:42.909499+0000,Unknown,3,1
172.31.38.160,44.239.25.69,443,TCP,flow,2025-10-16T06:55:49.060757+0000,Unknown,2,1
172.31.38.160,8.8.8.8,53,UDP,flow,2025-10-16T06:55:50.820960+0000,Unknown,3,1
172.31.38.160,169.254.169.123,123,UDP,flow,2025-10-16T06:55:51.826248+0000,Unknown,3,1
172.31.38.160,169.254.169.123,123,UDP,flow,2025-10-16T06:56:06.463105+0000,Unknown,3,1
172.31.38.160,8.8.8.8,53,UDP,flow,2025-10-16T06:56:11.681103+0000,Unknown,3,1
172.31.38.160,44.239.25.69,0,ICMP,flow,2025-10-16T06:56:23.126579+0000,Unknown,0,1
172.31.38.160,169.254.169.123,123,UDP,flow,2025-10-16T06:56:28.547001+0000,Unknown,3,1
196.251.81.227,172.31.38.160,22,TCP,flow,2025-10-16T06:56:28.547046+0000,Seychelles,2,1
172.31.38.160,8.8.8.8,53,UDP,flow,2025-10-16T06:56:34.643121+0000,Unknown,3,1
172.31.38.160,44.236.207.167,443,TCP,flow,2025-10-16T06:56:41.069602+0000,Unknown,2,1
172.31.38.160,169.254.169.123,123,UDP,flow,2025-10-16T06:56:43.074057+0000,Unknown,3,1
172.31.38.160,44.236.207.167,0,ICMP,flow,2025-10-16T06:56:52.971584+0000,Unknown,0,1
172.31.38.160,169.254.169.123,123,UDP,flow,2025-10-16T06:57:00.760675+0000,Unknown,3,1
172.31.38.160,8.8.8.8,53,UDP,flow,2025-10-16T06:57:16.432163+0000,Unknown,3,1
172.31.38.160,169.254.169.123,123,UDP,flow,2025-10-16T06:57:17.518623+0000,Unknown,3,1
172.31.38.160,44.236.207.167,443,TCP,flow,2025-10-16T06:57:17.518783+0000,Unknown,2,1
172.31.38.160,8.8.8.8,53,UDP,flow,2025-10-16T06:57:18.523485+0000,Unknown,3,1
172.31.38.160,44.236.207.167,0,ICMP,flow,2025-10-16T06:57:27.857416+0000,Unknown,0,1
172.31.38.160,169.254.169.123,123,UDP,flow,2025-10-16T06:57:28.985818+0000,Unknown,3,1
172.31.38.160,8.8.8.8,53,UDP,flow,2025-10-16T06:57:38.272048+0000,Unknown,3,1
172.31.38.160,169.254.169.123,123,UDP,flow,2025-10-16T06:57:46.672931+0000,Unknown,3,1
172.31.38.160,54.185.146.175,443,TCP,flow,2025-10-16T06:57:49.731002+0000,Unknown,2,1
136.232.248.186,172.31.38.160,22,TCP,flow,2025-10-16T06:57:51.854778+0000,India,2,1
fe80:0000:0000:0000:04b5:6fff:fe11:1e81,ff02:0000:0000:0000:0000:0000:0000:0002,0,IPv6-ICMP,flow,2025-10-16T06:57:54.950690+0000,Unknown,1,1
172.31.38.160,185.125.190.57,123,UDP,flow,2025-10-16T06:57:57.041023+0000,Unknown,3,1
172.31.38.160,44.239.25.69,0,ICMP,flow,2025-10-16T06:57:57.041101+0000,Unknown,0,1
172.31.38.160,169.254.169.123,123,UDP,flow,2025-10-16T06:58:00.221818+0000,Unknown,3,1
136.232.248.186,172.31.38.160,8000,TCP,flow,2025-10-16T06:58:05.429434+0000,India,2,1
172.31.38.160,8.8.8.8,53,UDP,flow,2025-10-16T06:58:13.693454+0000,Unknown,3,1
172.31.38.160,54.185.146.175,443,TCP,flow,2025-10-16T06:58:17.839987+0000,Unknown,2,1
172.31.38.160,169.254.169.123,123,UDP,flow,2025-10-16T06:58:17.840405+0000,Unknown,3,1
172.31.38.160,44.236.207.167,0,ICMP,flow,2025-10-16T06:58:20.012377+0000,Unknown,0,1
172.31.38.160,185.125.190.56,123,UDP,flow,2025-10-16T06:58:22.139668+0000,Unknown,3,1
172.31.38.160,169.254.169.123,123,UDP,flow,2025-10-16T06:58:34.608305+0000,Unknown,3,1
172.31.38.160,169.254.169.123,123,UDP,flow,2025-10-16T06:58:46.114910+0000,Unknown,3,1
172.31.38.160,44.236.207.167,443,TCP,flow,2025-10-16T06:58:47.321850+0000,Unknown,2,1
172.31.38.160,8.8.8.8,53,UDP,flow,2025-10-16T06:58:51.483044+0000,Unknown,3,1
172.31.38.160,8.8.8.8,53,UDP,flow,2025-10-16T06:58:53.486955+0000,Unknown,3,1
172.31.38.160,169.254.169.123,123,UDP,flow,2025-10-16T06:59:05.784165+0000,Unknown,3,1
172.31.38.160,44.236.207.167,443,TCP,flow,2025-10-16T06:59:13.695870+0000,Unknown,2,1
172.31.38.160,44.239.25.69,0,ICMP,flow,2025-10-16T06:59:22.721948+0000,Unknown,0,1
172.31.38.160,169.254.169.123,123,UDP,flow,2025-10-16T06:59:26.935984+0000,Unknown,3,1
172.31.38.160,169.254.169.123,123,UDP,flow,2025-10-16T06:59:36.982993+0000,Unknown,3,1
172.31.38.160,8.8.8.8,53,UDP,flow,2025-10-16T06:59:44.140745+0000,Unknown,3,1
172.31.38.160,44.236.207.167,443,TCP,flow,2025-10-16T06:59:45.349011+0000,Unknown,2,1
172.31.38.160,169.254.169.123,123,UDP,flow,2025-10-16T06:59:51.980155+0000,Unknown,3,1
172.31.38.160,8.8.8.8,53,UDP,flow,2025-10-16T06:59:53.178479+0000,Unknown,3,1
172.31.38.160,44.236.207.167,0,ICMP,flow,2025-10-16T06:59:58.812403+0000,Unknown,0,1
172.31.38.160,169.254.169.123,123,UDP,flow,2025-10-16T07:00:14.415729+0000,Unknown,3,1
172.31.38.160,44.236.207.167,443,TCP,flow,2025-10-16T07:00:17.645361+0000,Unknown,2,1
192.0.2.9,34.222.107.115,80,TCP,flow,2025-10-16T07:00:17.646094+0000,Unknown,2,1
198.51.100.7,34.222.107.115,80,TCP,flow,2025-10-16T07:00:20.878952+0000,Unknown,2,1
203.0.113.5,34.222.107.115,80,TCP,flow,2025-10-16T07:00:21.994776+0000,Unknown,2,1
172.31.38.160,169.254.169.123,123,UDP,flow,2025-10-16T07:00:25.115962+0000,Unknown,3,1
172.31.38.160,8.8.8.8,53,UDP,flow,2025-10-16T07:00:42.775219+0000,Unknown,3,1
172.31.38.160,169.254.169.123,123,UDP,flow,2025-10-16T07:00:47.523975+0000,Unknown,3,1
172.31.38.160,185.125.190.58,123,UDP,flow,2025-10-16T07:00:48.727178+0000,Unknown,3,1
172.31.38.160,44.239.25.69,0,ICMP,flow,2025-10-16T07:00:52.263852+0000,Unknown,0,1
172.31.38.160,8.8.8.8,53,UDP,flow,2025-10-16T07:00:53.308147+0000,Unknown,3,1
